Name,Address,Phone,Website,Google Maps Link
Longines,"C-21, Radial Rd 5, Block C, Connaught Place, New Delhi, Delhi 110001, India",099996 92830,http://www.longines.com/,https://www.google.com/maps/place/?q=place_id:ChIJQdeieTf9DDkR_sf5YNeO-7s
OMEGA Boutique - New Delhi,"Cannaught Place, Middle Cir, Block K, Connaught Place, New Delhi, Delhi 110001, India",011 4151 3255,https://www.omegawatches.com/store/storedetails/6183?utm_source=google&utm_medium=local&utm_campaign=MyBusiness&utm_term=New-Delhi,https://www.google.com/maps/place/?q=place_id:ChIJ3_XyNzL9DDkRjMeAgnbyvz4
Rado Boutique,"K-1, Connaught Circle Opp Odeon Big Cinema, Block K, Connaught Place, New Delhi, Delhi 110001, India",011 4163 1904,https://www.johnsonwatch.com/outlets/brand-boutique/rado.html,https://www.google.com/maps/place/?q=place_id:ChIJ3_XyNzL9DDkRvor5v4Bo3VQ
Jaeger-LeCoultre Boutique - Ethos Watches,"G-11, The Chanakya, YPCC, Chanakyapuri, New Delhi, Delhi 110021, India",011 2688 4050,https://www.ethoswatches.com/locatestore/sdc2-new-delhi/,https://www.google.com/maps/place/?q=place_id:ChIJS-Bl5XwdDTkR_2WE1-dQATk
COOKE & KELVEY PVT. LTD- Official Rolex Retailer,"3, Scindia House, Atul Grove Road, Janpath, Connaught Place, New Delhi, Delhi 110001, India",088827 37391,https://www.cookeandkelvey.com/,https://www.google.com/maps/place/?q=place_id:ChIJq_y-fjb9DDkRE890h3AIqPY
Rama Watch Boutique,"GF 019, Pacific Mall, Najafgarh Rd, Tagore Garden, Tilak Nagar, New Delhi, Delhi, 110018, India",099996 69606,http://www.ramawatch.co/,https://www.google.com/maps/place/?q=place_id:ChIJCQGS3WMDDTkRXbeVLvWo-x8
Samay Luxury Boutique,"Main Market, Bada Gol Chakkar, 10-F, near sparks mall, Kamla Nagar, Block F, Kamla Nagar, New Delhi, Delhi, 110007, India",096542 30486,,https://www.google.com/maps/place/?q=place_id:ChIJQ2S9kI_9DDkRGCNVwKLraeg
Panerai Boutique - Ethos Watches,"G11, The Chanakya, YPCC, DLF South Square Mall, Block G, Chanakyapuri, New Delhi, Delhi 110021, India",099994 79622,https://www.ethoswatches.com/locatestore/sdc1-new-delhi/,https://www.google.com/maps/place/?q=place_id:ChIJRVadjfcdDTkR-gc0jKsTsEQ
Rolex Boutique - Ethos Watches,"G 12, The Chanakya, Yashwant Place Community Centre, DLF Mall, Africa Ave, Chanakyapuri, New Delhi, Delhi 110021, India",074287 03387,https://www.ethoswatches.com/,https://www.google.com/maps/place/?q=place_id:ChIJe5Cq4XwdDTkRUC_SsncJoYw
Girard Perregaux Boutique - Ethos Watches,"G - 04, The Chanakya YPCC, Chanakyapuri, New Delhi, Delhi 110021, India",098732 10904,https://www.ethoswatches.com/locatestore/sdcg-new-delhi/,https://www.google.com/maps/place/?q=place_id:ChIJsaZSgcwdDTkROgPdmzyZ0NM
