Name,Address,Phone,Website,Rating,Review Count,Opening Hours,Google Maps Link
Baisoya's boutique,"B-10, Gali No. 3, Om Nagar, Roop Nagar, Badarpur, New Delhi, Delhi 110044, India",095999 22104,,5,10,"Monday: 10:00 AM – 8:00 PM, Tuesday: Closed, Wednesday: 10:00 AM – 8:00 PM, Thursday: 10:00 AM – 8:00 PM, Friday: 10:00 AM – 8:00 PM, Saturday: 10:00 AM – 8:00 PM, Sunday: 11:00 AM – 8:00 PM",https://www.google.com/maps/place/?q=place_id:ChIJw8w-h0XnDDkR1Nr29-2nqOg
Dressy Boutique,"E-118, Block E, Naraina Vihar, Naraina, New Delhi, Delhi 110060, India",,,5,4,"Monday: 11:30 AM – 8:00 PM, Tuesday: 11:30 AM – 8:00 PM, Wednesday: 11:30 AM – 8:00 PM, Thursday: 11:30 AM – 8:00 PM, Friday: 11:30 AM – 8:00 PM, Saturday: 11:30 AM – 8:00 PM, Sunday: Closed",https://www.google.com/maps/place/?q=place_id:ChIJb3TtyMYDDTkRr7LyEFq9fxA
Reshma Boutique,"Gali Number 1, Fazalpur, Saket Block, Mandawali, Delhi, 110092, India",,,5,3,"Monday: 9:00 AM – 10:00 PM, Tuesday: 9:00 AM – 10:00 PM, Wednesday: 9:00 AM – 10:00 PM, Thursday: 10:00 AM – 10:00 PM, Friday: 9:00 AM – 10:00 PM, Saturday: 9:00 AM – 9:00 PM, Sunday: Closed",https://www.google.com/maps/place/?q=place_id:ChIJHSuDmwzlDDkRrJQxFYHzmfk
Much & More Boutique and General store,"E-2/406, Street no-12, mandir wali gali, 5th pusta, Sonia Vihar, Delhi, 110094, India",,,5,2,"Monday: Open 24 hours, Tuesday: Open 24 hours, Wednesday: Open 24 hours, Thursday: Open 24 hours, Friday: Open 24 hours, Saturday: Open 24 hours, Sunday: Open 24 hours",https://www.google.com/maps/place/?q=place_id:ChIJAW9h7Bv_DDkRBC2tdjK3IIs
Sunita Boutique Shop,"Sunita Boutique Shop, Sector 12, Sonipat, Haryana 131001, India",099911 89592,,5,1,Not available,https://www.google.com/maps/place/?q=place_id:ChIJP1PY68yxDTkR4GjSoQkolKs
Reshma Boutique And Collection,"Gali Number 1, Mohalla Dilshad Masjid, Old Mustafabad, New Mustafabad, New Delhi, Delhi, 110094, India",080764 51746,,5,1,Not available,https://www.google.com/maps/place/?q=place_id:ChIJaeeMJGH9DDkRJF4Zfn02i1M
khwaish boutique store,"P-8A, New Colony, Circular Rd, Shivpuri, Sector 7, Gurugram, Haryana 122001, India",099904 56770,,4.9,140,"Monday: 10:00 AM – 2:00 PM, 4:00 – 8:00 PM, Tuesday: 10:00 AM – 2:00 PM, 4:00 – 8:00 PM, Wednesday: 10:00 AM – 2:00 PM, 4:00 – 8:00 PM, Thursday: 10:00 AM – 2:00 PM, 4:00 – 8:00 PM, Friday: 10:00 AM – 2:00 PM, 4:00 – 8:00 PM, Saturday: 10:00 AM – 2:00 PM, 4:00 – 8:00 PM, Sunday: Closed",https://www.google.com/maps/place/?q=place_id:ChIJbfYr5QMZDTkRk4eShmREpEA
Sushma Boutique,"Ajnara Service Rd, Bhangel, Ghaziabad, Uttar Pradesh 201009, India",096677 83789,,4.7,100,"Monday: 11:00 AM – 10:00 PM, Tuesday: 11:00 AM – 10:00 PM, Wednesday: 11:00 AM – 10:00 PM, Thursday: 11:00 AM – 10:00 PM, Friday: 11:00 AM – 10:00 PM, Saturday: 11:00 AM – 10:00 PM, Sunday: 11:00 AM – 10:00 PM",https://www.google.com/maps/place/?q=place_id:ChIJwwqpNuXvDDkRO-kN-We79fg
Vriha Boutique,"139 b gadodia road, Sant Shiromani Nijatam Prem Marg, Than Singh Nagar, Anand Parbat, New Delhi, Delhi, 110005, India",098713 65506,,4.6,17,"Monday: Closed, Tuesday: 10:30 AM – 7:30 PM, Wednesday: 10:30 AM – 7:30 PM, Thursday: 10:30 AM – 7:30 PM, Friday: 10:30 AM – 7:30 PM, Saturday: 10:30 AM – 7:30 PM, Sunday: 10:30 AM – 7:30 PM",https://www.google.com/maps/place/?q=place_id:ChIJ-dd14ykDDTkRrymbO-1MzVg
ASHU FASHION WEAR & BOUTIQUE,"tanwar market extn, Rajpur, Chhatarpur, New Delhi, Delhi 110074, India",099100 21504,,4.5,2,"Monday: Open 24 hours, Tuesday: Open 24 hours, Wednesday: Open 24 hours, Thursday: Open 24 hours, Friday: Open 24 hours, Saturday: Open 24 hours, Sunday: Open 24 hours",https://www.google.com/maps/place/?q=place_id:ChIJxZmKcCweDTkRwHblcQn_m2w
